Year,LB Shortage,"Mead < 1,000' in Any Month","Mead < 1,020' in Any Month","Mead < 1,025' in Any Month","Powell < 3,490' in Any Month","Powell < 3,525' in Any Month"
2018,0,0,0,0,,
2019,0.0571428571428571,0,0,0,0,0
2020,0.714285714285714,0,0,0,0,0.0857142857142857
2021,0.685714285714286,0,0.114285714285714,0.142857142857143,0,0.114285714285714
2022,0.657142857142857,0.0571428571428571,0.0857142857142857,0.142857142857143,0,0.142857142857143
