Year,LB Shortage,"Mead < 1,000' in Any Month","Mead < 1,020' in Any Month","Mead < 1,025' in Any Month","Powell < 3,490' in Any Month","Powell < 3,525' in Any Month"
2018,0,0,0,0,,
2019,0,0,0,0,0,0
2020,0.571428571428571,0,0,0,0,0.0571428571428571
2021,0.6,0,0.0571428571428571,0.0857142857142857,0,0.114285714285714
2022,0.6,0.0571428571428571,0.0857142857142857,0.114285714285714,0,0.114285714285714
