Year,LB Shortage,"Mead < 1,000' in Any Month","Mead < 1,020' in Any Month","Mead < 1,025' in Any Month","Powell < 3,490' in Any Month","Powell < 3,525' in Any Month"
2018,0,0,0,0,,
2019,0,0,0,0,0,0
2020,0.583333333333333,0,0,0,0,0.0555555555555556
2021,0.611111111111111,0,0.0555555555555556,0.0833333333333333,0,0.111111111111111
2022,0.611111111111111,0.0555555555555556,0.0833333333333333,0.111111111111111,0,0.111111111111111
